{"cameraMode":{"drawMode":0,"name":"Shaded","section":"Shading Mode"},"sceneLighting":false,"audioPlay":false,"sceneViewState":{"showFog":true,"showMaterialUpdate":false,"showSkybox":true,"showFlares":true,"showImageEffects":true,"showParticleSystems":true},"in2DMode":false,"pivot":{"x":918.451416015625,"y":853.6687622070313,"z":-264.8131103515625},"rotation":{"x":-0.07154972851276398,"y":0.00662206020206213,"z":-0.0004744664183817804,"w":-0.9974149465560913},"size":18.539142608642579,"orthographic":false}